{
    "country": null,
    "year": null,
    "indicator": null,
    "female_dict": {
        "3-4": 0.40822724474044664,
        "4-6": 1.2787750718660238,
        "6-15": 1.0804527268562008,
        "15-19": 0.10290622513959963,
        "19-25": 0.012763433575240141
    },
    "male_dict": {
        "3-4": 0.36499179641695023,
        "4-6": 1.2076734920704644,
        "6-15": 1.0911645169132766,
        "15-19": 0.11821222204375957,
        "19-25": 0.012453968451079107
    }
}